,Date,Symbol,Prior,Price,Change,End,Delta,Net,Truth,Dir,StartDate,EndDate,type
1,2020-05-01,MDY,299.81,288.2,-11.61,295.200012,7.00001200000003,487.204966,False,Decrease,X2020.05.01,X2020.05.07,call
2,2020-05-01,HIBL,74.42,62.73,-11.69,67.620003,4.890003,487.204966,False,Decrease,X2020.05.01,X2020.05.07,call
3,2020-05-01,UNH,292.47,280.63,-11.84,285,4.37,487.204966,False,Decrease,X2020.05.01,X2020.05.07,call
4,2020-05-01,SHW,536.37,524.03,-12.34,527.305603,3.27560300000005,487.204966,False,Decrease,X2020.05.01,X2020.05.07,call
5,2020-05-01,RETL,96.72,84.1581,-12.5619,94.760002,10.601902,487.204966,False,Decrease,X2020.05.01,X2020.05.07,call
6,2020-05-01,HUM,381.82,369.11,-12.71,371.420013,2.31001299999997,487.204966,False,Decrease,X2020.05.01,X2020.05.07,call
7,2020-05-01,CMG,878.55,865.09,-13.46,897.51001,32.4200099999999,487.204966,False,Decrease,X2020.05.01,X2020.05.07,call
8,2020-05-01,ANTM,280.73,265.065,-15.665,265.730011,0.665010999999993,487.204966,False,Decrease,X2020.05.01,X2020.05.07,call
9,2020-05-01,BLK,502.04,484.3,-17.74,497.390015,13.090015,487.204966,False,Decrease,X2020.05.01,X2020.05.07,call
10,2020-05-01,FICO,352.94,334.95,-17.99,366.579987,31.629987,487.204966,False,Decrease,X2020.05.01,X2020.05.07,call
11,2020-05-01,SOXL,131.01,112.01,-19,127.809998,15.799998,487.204966,False,Decrease,X2020.05.01,X2020.05.07,call
12,2020-05-01,PAYC,261.02,237.28,-23.74,268.820007,31.540007,487.204966,False,Decrease,X2020.05.01,X2020.05.07,call
13,2020-05-01,AZO,1020.32,991.24,-29.08,1012.159973,20.919973,487.204966,False,Decrease,X2020.05.01,X2020.05.07,call
14,2020-05-01,SHOP,632.29,601.66,-30.63,722.76001,121.10001,487.204966,False,Decrease,X2020.05.01,X2020.05.07,call
15,2020-05-01,MTD,719.94,688.63,-31.31,732.73999,44.10999,487.204966,False,Decrease,X2020.05.01,X2020.05.07,call
16,2020-05-01,MKL,865.84,834.2,-31.64,836.01001,1.81000999999992,487.204966,False,Decrease,X2020.05.01,X2020.05.07,call
17,2020-05-01,CABO,1912.86,1843,-69.86,1908.860352,65.8603519999999,487.204966,False,Decrease,X2020.05.01,X2020.05.07,call
18,2020-05-01,DGAZ,206,221.4566,15.4566,196.270004,-25.186596,487.204966,False,Increase,X2020.05.01,X2020.05.07,put
19,2020-05-01,EEV,41.02,43.8215,2.8015,42.07,-1.7515,487.204966,False,Increase,X2020.05.01,X2020.05.07,put
20,2020-05-01,SMDD,23.1444,26.05,2.9056,24.209999,-1.840001,487.204966,False,Increase,X2020.05.01,X2020.05.07,put
21,2020-05-01,SCO,46.56,49.52,2.96,41.139999,-8.380001,487.204966,False,Increase,X2020.05.01,X2020.05.07,put
22,2020-05-01,VIXY,31.07,34.06,2.99,30.870001,-3.189999,487.204966,False,Increase,X2020.05.01,X2020.05.07,put
23,2020-05-01,FXP,57.33,60.61,3.28,58.259998,-2.350002,487.204966,False,Increase,X2020.05.01,X2020.05.07,put
24,2020-05-01,YANG,39.56,42.93,3.37,40.41,-2.52,487.204966,False,Increase,X2020.05.01,X2020.05.07,put
25,2020-05-01,EDZ,37.18,41.04,3.86,38.52,-2.52,487.204966,False,Increase,X2020.05.01,X2020.05.07,put
26,2020-05-01,TZA,33.6,38.23,4.63,35.540001,-2.689999,487.204966,False,Increase,X2020.05.01,X2020.05.07,put
27,2020-05-01,DUG,49.535,55.128,5.593,51.419998,-3.708002,487.204966,False,Increase,X2020.05.01,X2020.05.07,put
28,2020-05-01,NRGZ,47.0692,53.0199,5.9507,49.285,-3.7349,487.204966,False,Increase,X2020.05.01,X2020.05.07,put
29,2020-05-01,UVXY,41.93,48.09,6.16,41.27,-6.82,487.204966,False,Increase,X2020.05.01,X2020.05.07,put
30,2020-05-01,NRGD,29.9215,36.25,6.3285,31.176001,-5.073999,487.204966,False,Increase,X2020.05.01,X2020.05.07,put
31,2020-05-01,CHE,416.57,423.095,6.525,422.407928,-0.687072000000001,487.204966,False,Increase,X2020.05.01,X2020.05.07,put
32,2020-05-01,ERY,59.5599,66.58,7.0201,61.220001,-5.35999899999999,487.204966,False,Increase,X2020.05.01,X2020.05.07,put
33,2020-05-01,GHC,390.01,374.74,-15.27,345.869995,-28.870005,-117.683343,True,Decrease,X2020.05.01,X2020.05.07,call
34,2020-05-01,Y,533.71,514.32,-19.39,511.070007,-3.24999300000007,-117.683343,True,Decrease,X2020.05.01,X2020.05.07,call
35,2020-05-01,TDG,363.08,341.41,-21.67,324.549988,-16.860012,-117.683343,True,Decrease,X2020.05.01,X2020.05.07,call
36,2020-05-01,TPL,569.65,508.05,-61.6,493.029999,-15.020001,-117.683343,True,Decrease,X2020.05.01,X2020.05.07,call
37,2020-05-01,NVR,3100,3015.455,-84.545,3000,-15.4549999999999,-117.683343,True,Decrease,X2020.05.01,X2020.05.07,call
38,2020-05-01,FBHS,48.2,51.17,2.97,53.62883,2.45883,-117.683343,True,Increase,X2020.05.01,X2020.05.07,put
39,2020-05-01,FNV,132.21,135.46,3.25,144.619995,9.15999499999998,-117.683343,True,Increase,X2020.05.01,X2020.05.07,put
40,2020-05-01,RMD,155.32,158.6,3.28,160.325043,1.725043,-117.683343,True,Increase,X2020.05.01,X2020.05.07,put
41,2020-05-01,AON,172.67,175.955,3.285,184.830002,8.87500199999999,-117.683343,True,Increase,X2020.05.01,X2020.05.07,put
42,2020-05-01,CLGX,38.42,41.71,3.29,42.898453,1.188453,-117.683343,True,Increase,X2020.05.01,X2020.05.07,put
43,2020-05-01,ASGN,46.45,51.33,4.88,52.07,0.740000000000002,-117.683343,True,Increase,X2020.05.01,X2020.05.07,put
44,2020-05-01,MOH,163.97,169.445,5.475,177.270004,7.82500400000001,-117.683343,True,Increase,X2020.05.01,X2020.05.07,put
45,2020-05-01,CLX,186.44,195.734,9.294,201.990005,6.25600499999999,-117.683343,True,Increase,X2020.05.01,X2020.05.07,put
46,2020-05-04,Y,506.86,495.47,-11.39,530.5,35.03,693.045474,False,Decrease,X2020.05.04,X2020.05.08,call
47,2020-05-04,CHE,427.28,415.8043,-11.4757,426.005524,10.201224,693.045474,False,Decrease,X2020.05.04,X2020.05.08,call
48,2020-05-04,CMG,874.92,860.64,-14.28,925.830017,65.190017,693.045474,False,Decrease,X2020.05.04,X2020.05.08,call
49,2020-05-04,TDG,349.45,322.93,-26.52,352.609985,29.679985,693.045474,False,Decrease,X2020.05.04,X2020.05.08,call
50,2020-05-04,DGAZ,224,195.5089,-28.4911,217.339996,21.831096,693.045474,False,Decrease,X2020.05.04,X2020.05.08,call
51,2020-05-04,SAM,460.96,456.22,-4.74,482.220001,26.000001,693.045474,False,Decrease,X2020.05.04,X2020.05.08,call
52,2020-05-04,NVR,3036.9,2995.44,-41.46,3119.669922,124.229922,693.045474,False,Decrease,X2020.05.04,X2020.05.08,call
53,2020-05-04,UHT,102.68,97.65,-5.03,100.040001,2.390001,693.045474,False,Decrease,X2020.05.04,X2020.05.08,call
54,2020-05-04,AMT,234.2,229.06,-5.14,238.360001,9.30000100000001,693.045474,False,Decrease,X2020.05.04,X2020.05.08,call
55,2020-05-04,BA,133.37,128.2013,-5.1687,133.440002,5.23870199999999,693.045474,False,Decrease,X2020.05.04,X2020.05.08,call
56,2020-05-04,TSN,60.01,54.81,-5.2,59.985214,5.175214,693.045474,False,Decrease,X2020.05.04,X2020.05.08,call
57,2020-05-04,DPST,64.25,59.02,-5.23,64.769997,5.749997,693.045474,False,Decrease,X2020.05.04,X2020.05.08,call
58,2020-05-04,CI,187.09,181.85,-5.24,189.270004,7.42000400000001,693.045474,False,Decrease,X2020.05.04,X2020.05.08,call
59,2020-05-04,MKL,834.08,828.8,-5.28,869.710022,40.910022,693.045474,False,Decrease,X2020.05.04,X2020.05.08,call
60,2020-05-04,NSC,170.73,165.45,-5.28,174.75,9.30000000000001,693.045474,False,Decrease,X2020.05.04,X2020.05.08,call
61,2020-05-04,KSU,128.36,122.91,-5.45,136.630005,13.720005,693.045474,False,Decrease,X2020.05.04,X2020.05.08,call
62,2020-05-04,DE,138.19,132.59,-5.6,137,4.41,693.045474,False,Decrease,X2020.05.04,X2020.05.08,call
63,2020-05-04,NOC,328.06,320.43,-7.63,326.263794,5.83379400000001,693.045474,False,Decrease,X2020.05.04,X2020.05.08,call
64,2020-05-04,HII,185.67,177.52,-8.15,179.676743,2.15674299999998,693.045474,False,Decrease,X2020.05.04,X2020.05.08,call
65,2020-05-04,LMT,383.47,374.52,-8.95,376.120728,1.600728,693.045474,False,Decrease,X2020.05.04,X2020.05.08,call
66,2020-05-04,CABO,1861.52,1873.22,11.7,1842.232056,-30.987944,693.045474,False,Increase,X2020.05.04,X2020.05.08,put
67,2020-05-04,NPK,80.5,83.04,2.54,82.230003,-0.80999700000001,693.045474,False,Increase,X2020.05.04,X2020.05.08,put
68,2020-05-04,TPL,508.26,530.0101,21.7501,521.549988,-8.46011199999998,693.045474,False,Increase,X2020.05.04,X2020.05.08,put
69,2020-05-04,DTO,199.358,202.44,3.082,112,-90.44,693.045474,False,Increase,X2020.05.04,X2020.05.08,put
70,2020-05-04,UGAZ,26.35,29.76,3.41,23.110001,-6.649999,693.045474,False,Increase,X2020.05.04,X2020.05.08,put
71,2020-05-04,BOIL,49.45,52.93,3.48,47.16,-5.77,693.045474,False,Increase,X2020.05.04,X2020.05.08,put
72,2020-05-04,ALX,306.27,314.47,8.2,252.570007,-61.899993,693.045474,False,Increase,X2020.05.04,X2020.05.08,put
73,2020-05-04,WTM,960.74,970,9.26,907.340027,-62.659973,693.045474,False,Increase,X2020.05.04,X2020.05.08,put
74,2020-05-04,LHX,189.46,184.1665,-5.2935,180.178833,-3.98766700000002,-332.168434,True,Decrease,X2020.05.04,X2020.05.08,call
75,2020-05-04,SRE,119.93,122.53,2.6,124.230003,1.700003,-332.168434,True,Increase,X2020.05.04,X2020.05.08,put
76,2020-05-04,VLO,58.76,61.66,2.9,64.900078,3.240078,-332.168434,True,Increase,X2020.05.04,X2020.05.08,put
77,2020-05-04,CRM,156.37,159.2877,2.9177,175.899994,16.612294,-332.168434,True,Increase,X2020.05.04,X2020.05.08,put
78,2020-05-04,FNV,137.85,140.785,2.935,143.380005,2.59500500000001,-332.168434,True,Increase,X2020.05.04,X2020.05.08,put
79,2020-05-04,SHOP,613.64,638.73,25.09,708.969971,70.239971,-332.168434,True,Increase,X2020.05.04,X2020.05.08,put
80,2020-05-04,TREX,91.89,94.9,3.01,115.089996,20.189996,-332.168434,True,Increase,X2020.05.04,X2020.05.08,put
81,2020-05-04,FICO,336.61,339.705,3.095,371.100006,31.395006,-332.168434,True,Increase,X2020.05.04,X2020.05.08,put
82,2020-05-04,PAYC,241.66,245.07,3.41,272.029999,26.959999,-332.168434,True,Increase,X2020.05.04,X2020.05.08,put
83,2020-05-04,TWLO,107.98,111.44,3.46,179.690002,68.250002,-332.168434,True,Increase,X2020.05.04,X2020.05.08,put
84,2020-05-04,PSX,66.36,70.02,3.66,76.093391,6.073391,-332.168434,True,Increase,X2020.05.04,X2020.05.08,put
85,2020-05-04,CLX,192.71,196.99,4.28,204.050003,7.06000299999999,-332.168434,True,Increase,X2020.05.04,X2020.05.08,put
86,2020-05-04,ASR,95.11,100.43,5.32,105.980003,5.55000299999999,-332.168434,True,Increase,X2020.05.04,X2020.05.08,put
87,2020-05-04,RNG,218.1,227.18,9.08,266.730011,39.550011,-332.168434,True,Increase,X2020.05.04,X2020.05.08,put
88,2020-05-04,RACE,148.99,158.87,9.88,159.869995,0.999994999999984,-332.168434,True,Increase,X2020.05.04,X2020.05.08,put
89,2020-05-04,NOW,339.51,349.495,9.985,377.26001,27.76501,-332.168434,True,Increase,X2020.05.04,X2020.05.08,put
90,2020-05-07,DTO,111.15,98.0101,-13.1399,125.5,27.4899,872.842138,False,Decrease,X2020.05.07,X2020.05.13,call
91,2020-05-07,UVXY,44.05,41.6588,-2.3912,44.060001,2.401201,872.842138,False,Decrease,X2020.05.07,X2020.05.13,call
92,2020-05-07,FAZ,27.16,24.6301,-2.5299,29.02,4.3899,872.842138,False,Decrease,X2020.05.07,X2020.05.13,call
93,2020-05-07,SE,61.69,58.99,-2.7,61.98,2.98999999999999,872.842138,False,Decrease,X2020.05.07,X2020.05.13,call
94,2020-05-07,BNKD,26.5899,23.8002,-2.7897,30.806,7.0058,872.842138,False,Decrease,X2020.05.07,X2020.05.13,call
95,2020-05-07,LLY,156.68,153.82,-2.86,157.189987,3.36998700000001,872.842138,False,Decrease,X2020.05.07,X2020.05.13,call
96,2020-05-07,VSTO,9.7,6.83,-2.87,7.1,0.27,872.842138,False,Decrease,X2020.05.07,X2020.05.13,call
97,2020-05-07,DUG,53.95,50.55,-3.4,54.369999,3.819999,872.842138,False,Decrease,X2020.05.07,X2020.05.13,call
98,2020-05-07,DPZ,372.3,368.43,-3.87,384.959991,16.529991,872.842138,False,Decrease,X2020.05.07,X2020.05.13,call
99,2020-05-07,NRGD,34.309,30.18,-4.129,33.659,3.479,872.842138,False,Decrease,X2020.05.07,X2020.05.13,call
100,2020-05-07,ERY,64.49,59.94,-4.55,65.199997,5.259997,872.842138,False,Decrease,X2020.05.07,X2020.05.13,call
101,2020-05-07,SHOP,733.53,728.68,-4.85,754.380005,25.700005,872.842138,False,Decrease,X2020.05.07,X2020.05.13,call
102,2020-05-07,GRUB,50.83,45.7,-5.13,58.139999,12.439999,872.842138,False,Decrease,X2020.05.07,X2020.05.13,call
103,2020-05-07,DHR,163.98,158.81,-5.17,159.889999,1.07999899999999,872.842138,False,Decrease,X2020.05.07,X2020.05.13,call
104,2020-05-07,SAM,486.74,481.5,-5.24,484.459991,2.959991,872.842138,False,Decrease,X2020.05.07,X2020.05.13,call
105,2020-05-07,AYX,122.5,113.05,-9.45,122.169998,9.11999800000001,872.842138,False,Decrease,X2020.05.07,X2020.05.13,call
106,2020-05-07,FICO,357.3,367.31,10.01,349.940002,-17.369998,872.842138,False,Increase,X2020.05.07,X2020.05.13,put
107,2020-05-07,IT,115.02,126.4,11.38,109.919998,-16.480002,872.842138,False,Increase,X2020.05.07,X2020.05.13,put
108,2020-05-07,TDG,319.47,333.3,13.83,320.049988,-13.250012,872.842138,False,Increase,X2020.05.07,X2020.05.13,put
109,2020-05-07,PAYC,255.04,270.32,15.28,243.309998,-27.010002,872.842138,False,Increase,X2020.05.07,X2020.05.13,put
110,2020-05-07,HUBS,175.21,191.83,16.62,175.919998,-15.910002,872.842138,False,Increase,X2020.05.07,X2020.05.13,put
111,2020-05-07,BLK,483.4,500.265,16.865,485.799988,-14.465012,872.842138,False,Increase,X2020.05.07,X2020.05.13,put
112,2020-05-07,MTD,715.58,732.575,16.995,690.880005,-41.6949950000001,872.842138,False,Increase,X2020.05.07,X2020.05.13,put
113,2020-05-07,AMP,107.28,128.295,21.015,116.374367,-11.920633,872.842138,False,Increase,X2020.05.07,X2020.05.13,put
114,2020-05-07,Y,492.09,513.71,21.62,451.859985,-61.850015,872.842138,False,Increase,X2020.05.07,X2020.05.13,put
115,2020-05-07,CABO,1925.33,1951,25.67,1866.881836,-84.118164,872.842138,False,Increase,X2020.05.07,X2020.05.13,put
116,2020-05-07,NVR,3065,3095.01,30.01,2768.01001,-326.99999,872.842138,False,Increase,X2020.05.07,X2020.05.13,put
117,2020-05-07,MKL,810.03,840.64,30.61,790.450012,-50.189988,872.842138,False,Increase,X2020.05.07,X2020.05.13,put
118,2020-05-07,GHC,339.43,347,7.57,317.540009,-29.459991,872.842138,False,Increase,X2020.05.07,X2020.05.13,put
119,2020-05-07,WEX,130.15,139.1,8.95,116.089996,-23.010004,872.842138,False,Increase,X2020.05.07,X2020.05.13,put
120,2020-05-07,RE,164.47,173.79,9.32,162.982437,-10.807563,872.842138,False,Increase,X2020.05.07,X2020.05.13,put
121,2020-05-07,ALX,257,254.4,-2.6,232.490005,-21.909995,-147.486662,True,Decrease,X2020.05.07,X2020.05.13,call
122,2020-05-07,IIPR,78.11,75.4,-2.71,70.779999,-4.620001,-147.486662,True,Decrease,X2020.05.07,X2020.05.13,call
123,2020-05-07,ELAT,43.26,39.88,-3.38,35.91,-3.97000000000001,-147.486662,True,Decrease,X2020.05.07,X2020.05.13,call
124,2020-05-07,HII,178.65,174.92,-3.73,169.408356,-5.51164399999999,-147.486662,True,Decrease,X2020.05.07,X2020.05.13,call
125,2020-05-07,BRZU,49.55,45.74,-3.81,44.52,-1.22,-147.486662,True,Decrease,X2020.05.07,X2020.05.13,call
126,2020-05-07,BFAM,120.7,115.26,-5.44,100.330002,-14.929998,-147.486662,True,Decrease,X2020.05.07,X2020.05.13,call
127,2020-05-07,SERV,32.22,26.54,-5.68,26.129999,-0.410000999999998,-147.486662,True,Decrease,X2020.05.07,X2020.05.13,call
128,2020-05-07,RNG,245.04,255.1,10.06,283,27.9,-147.486662,True,Increase,X2020.05.07,X2020.05.13,put
129,2020-05-07,TPL,491.12,502.1,10.98,511.709991,9.60999099999998,-147.486662,True,Increase,X2020.05.07,X2020.05.13,put
130,2020-05-07,CRL,143.66,154.95,11.29,160.889999,5.939999,-147.486662,True,Increase,X2020.05.07,X2020.05.13,put
131,2020-05-07,CMG,867.04,884.35,17.31,902.590027,18.2400269999999,-147.486662,True,Increase,X2020.05.07,X2020.05.13,put
132,2020-05-07,TWLO,122.4,165.59,43.19,187.419998,21.829998,-147.486662,True,Increase,X2020.05.07,X2020.05.13,put
133,2020-05-07,RNR,141.37,150.32,8.95,156.300003,5.98000300000001,-147.486662,True,Increase,X2020.05.07,X2020.05.13,put
134,2020-05-07,PANW,201.23,210.325,9.095,215.740005,5.41500500000001,-147.486662,True,Increase,X2020.05.07,X2020.05.13,put
135,2020-05-12,NVR,3055.83,3025.19,-30.64,3100.629883,75.439883,396.707416,False,Decrease,X2020.05.12,X2020.05.18,call
136,2020-05-12,BLK,493.11,465.05,-28.06,516.429993,51.379993,396.707416,False,Decrease,X2020.05.12,X2020.05.18,call
137,2020-05-12,ESS,242.92,232.9,-10.02,240.600006,7.700006,396.707416,False,Decrease,X2020.05.12,X2020.05.18,call
138,2020-05-12,PSA,186.93,178.865,-8.065,183.360001,4.495001,396.707416,False,Decrease,X2020.05.12,X2020.05.18,call
139,2020-05-12,TDG,348.96,341.28,-7.68,370.519989,29.239989,396.707416,False,Decrease,X2020.05.12,X2020.05.18,call
140,2020-05-12,GWW,286.59,280.905,-5.685,290.920013,10.015013,396.707416,False,Decrease,X2020.05.12,X2020.05.18,call
141,2020-05-12,SUI,137.87,132.43,-5.44,133.679993,1.24999299999999,396.707416,False,Decrease,X2020.05.12,X2020.05.18,call
142,2020-05-12,EXR,91.88,86.57,-5.31,87.129997,0.55999700000001,396.707416,False,Decrease,X2020.05.12,X2020.05.18,call
143,2020-05-12,UNF,165.32,160.63,-4.69,170.529999,9.89999900000001,396.707416,False,Decrease,X2020.05.12,X2020.05.18,call
144,2020-05-12,CCI,159.79,155.38,-4.41,156.399994,1.019994,396.707416,False,Decrease,X2020.05.12,X2020.05.18,call
145,2020-05-12,DPST,56.43,52.13,-4.3,54.669998,2.539998,396.707416,False,Decrease,X2020.05.12,X2020.05.18,call
146,2020-05-12,AMN,45.5,41.52,-3.98,42.299999,0.779998999999997,396.707416,False,Decrease,X2020.05.12,X2020.05.18,call
147,2020-05-12,PAYC,274.29,270.44,-3.85,283.899994,13.459994,396.707416,False,Decrease,X2020.05.12,X2020.05.18,call
148,2020-05-12,MOH,178.86,182.73,3.87,173.75,-8.97999999999999,396.707416,False,Increase,X2020.05.12,X2020.05.18,put
149,2020-05-12,BDX,262.05,265.9741,3.9241,264.769989,-1.20411100000001,396.707416,False,Increase,X2020.05.12,X2020.05.18,put
150,2020-05-12,ANET,224.58,228.51,3.93,215.619995,-12.890005,396.707416,False,Increase,X2020.05.12,X2020.05.18,put
151,2020-05-12,COO,307.82,312.99,5.17,302.170013,-10.819987,396.707416,False,Increase,X2020.05.12,X2020.05.18,put
152,2020-05-12,MSCI,347.25,352.4224,5.1724,346.75,-5.67239999999998,396.707416,False,Increase,X2020.05.12,X2020.05.18,put
153,2020-05-12,BILL,79.21,84.43,5.22,76.120003,-8.30999700000001,396.707416,False,Increase,X2020.05.12,X2020.05.18,put
154,2020-05-12,GHC,342.97,348.325,5.355,334.070007,-14.254993,396.707416,False,Increase,X2020.05.12,X2020.05.18,put
155,2020-05-12,W,190.27,196.2171,5.9471,153.839996,-42.377104,396.707416,False,Increase,X2020.05.12,X2020.05.18,put
156,2020-05-12,GRUB,46.79,57.95,11.16,57.669998,-0.280002000000003,396.707416,False,Increase,X2020.05.12,X2020.05.18,put
157,2020-05-12,SHOP,750.34,766.0362,15.6962,738.02002,-28.01618,396.707416,False,Increase,X2020.05.12,X2020.05.18,put
158,2020-05-12,CABO,1910.1,1983.9,73.8,1927.777222,-56.1227780000002,396.707416,False,Increase,X2020.05.12,X2020.05.18,put
159,2020-05-12,WTM,940,919.33,-20.67,912.320007,-7.00999300000001,-154.94763,True,Decrease,X2020.05.12,X2020.05.18,call
160,2020-05-12,Y,512.98,500.335,-12.645,487.109985,-13.225015,-154.94763,True,Decrease,X2020.05.12,X2020.05.18,call
161,2020-05-12,NOW,383.65,374.955,-8.695,374.869995,-0.085004999999967,-154.94763,True,Decrease,X2020.05.12,X2020.05.18,call
162,2020-05-12,PEN,191.72,183.955,-7.765,173.320007,-10.634993,-154.94763,True,Decrease,X2020.05.12,X2020.05.18,call
163,2020-05-12,DLR,144.36,136.728,-7.632,131.429993,-5.29800700000001,-154.94763,True,Decrease,X2020.05.12,X2020.05.18,call
164,2020-05-12,MKL,858.67,853,-5.67,844.059998,-8.94000200000005,-154.94763,True,Decrease,X2020.05.12,X2020.05.18,call
165,2020-05-12,ALX,249.68,244.234,-5.446,241.690002,-2.54399800000002,-154.94763,True,Decrease,X2020.05.12,X2020.05.18,call
166,2020-05-12,AFG,63.54,58.29,-5.25,58.009998,-0.280001999999996,-154.94763,True,Decrease,X2020.05.12,X2020.05.18,call
167,2020-05-12,UHT,96.19,91.5,-4.69,90.080002,-1.41999800000001,-154.94763,True,Decrease,X2020.05.12,X2020.05.18,call
168,2020-05-12,LSI,92.44,88.4,-4.04,88.349998,-0.050002000000006,-154.94763,True,Decrease,X2020.05.12,X2020.05.18,call
169,2020-05-12,UNH,288.69,292.85,4.16,293.359985,0.509984999999972,-154.94763,True,Increase,X2020.05.12,X2020.05.18,put
170,2020-05-12,GDOT,30.7,35.03,4.33,37.09,2.06,-154.94763,True,Increase,X2020.05.12,X2020.05.18,put
171,2020-05-12,SPGI,300.68,305.68,5,310.96051,5.28050999999999,-154.94763,True,Increase,X2020.05.12,X2020.05.18,put
172,2020-05-12,JNUG,82.17,88.0899,5.9199,97.790001,9.700101,-154.94763,True,Increase,X2020.05.12,X2020.05.18,put
173,2020-05-12,ANTM,272.37,278.45,6.08,279.959991,1.50999100000001,-154.94763,True,Increase,X2020.05.12,X2020.05.18,put
174,2020-05-12,SAM,481.13,489.05,7.92,499.230011,10.180011,-154.94763,True,Increase,X2020.05.12,X2020.05.18,put
175,2020-05-12,HUM,380.04,389.07,9.03,392.369995,3.29999500000002,-154.94763,True,Increase,X2020.05.12,X2020.05.18,put
176,2020-05-12,AZO,1053.88,1065.91,12.03,1083,17.0899999999999,-154.94763,True,Increase,X2020.05.12,X2020.05.18,put
177,2020-05-12,KWR,150,163.54,13.54,168.639999,5.099999,-154.94763,True,Increase,X2020.05.12,X2020.05.18,put
178,2020-05-12,CMG,933.93,954.76,20.83,998.580017,43.820017,-154.94763,True,Increase,X2020.05.12,X2020.05.18,put
179,2020-05-12,DGAZ,212,236.44,24.44,243.350006,6.91000600000001,-154.94763,True,Increase,X2020.05.12,X2020.05.18,put
180,2020-05-13,TDG,329.51,319.28,-10.23,361.200012,41.920012,907.468058,False,Decrease,X2020.05.13,X2020.05.19,call
181,2020-05-13,TPL,524.01,510,-14.01,550.859985,40.8599850000001,907.468058,False,Decrease,X2020.05.13,X2020.05.19,call
182,2020-05-13,WTM,904.9,885.9975,-18.9025,887.659973,1.66247300000009,907.468058,False,Decrease,X2020.05.13,X2020.05.19,call
183,2020-05-13,Y,484.85,465.6636,-19.1864,469.399994,3.73639400000002,907.468058,False,Decrease,X2020.05.13,X2020.05.19,call
184,2020-05-13,MKL,837.39,814,-23.39,846.539978,32.539978,907.468058,False,Decrease,X2020.05.13,X2020.05.19,call
185,2020-05-13,UNF,154.43,148.46,-5.97,166.020004,17.560004,907.468058,False,Decrease,X2020.05.13,X2020.05.19,call
186,2020-05-13,DIG,75.37,69.26,-6.11,76.279999,7.019999,907.468058,False,Decrease,X2020.05.13,X2020.05.19,call
187,2020-05-13,MDY,292.45,286.3,-6.15,301.26001,14.96001,907.468058,False,Decrease,X2020.05.13,X2020.05.19,call
188,2020-05-13,WEX,126.04,119.55,-6.49,132.679993,13.129993,907.468058,False,Decrease,X2020.05.13,X2020.05.19,call
189,2020-05-13,PAYC,263.45,256.76,-6.69,279.690002,22.930002,907.468058,False,Decrease,X2020.05.13,X2020.05.19,call
190,2020-05-13,GHC,335.6,328.765,-6.835,329.420013,0.655012999999997,907.468058,False,Decrease,X2020.05.13,X2020.05.19,call
191,2020-05-13,DPST,47.6,40.2,-7.4,47.630001,7.430001,907.468058,False,Decrease,X2020.05.13,X2020.05.19,call
192,2020-05-13,CRM,177.54,170.025,-7.515,176.039993,6.014993,907.468058,False,Decrease,X2020.05.13,X2020.05.19,call
193,2020-05-13,NVR,2877.38,2802,-75.38,3137.090088,335.090088,907.468058,False,Decrease,X2020.05.13,X2020.05.19,call
194,2020-05-13,CMG,929.85,921.75,-8.1,1009.080017,87.330017,907.468058,False,Decrease,X2020.05.13,X2020.05.19,call
195,2020-05-13,PALL,175.655,167.5,-8.155,191.990005,24.490005,907.468058,False,Decrease,X2020.05.13,X2020.05.19,call
196,2020-05-13,OIH,108.67,100.26,-8.41,108.150002,7.890002,907.468058,False,Decrease,X2020.05.13,X2020.05.19,call
197,2020-05-13,KWR,164.94,156.13,-8.81,164.029999,7.89999900000001,907.468058,False,Decrease,X2020.05.13,X2020.05.19,call
198,2020-05-13,SHOP,742.28,759.0001,16.7201,753.01001,-5.99009000000001,907.468058,False,Increase,X2020.05.13,X2020.05.19,put
199,2020-05-13,DGAZ,259.36,279.5581,20.1981,234.660004,-44.898096,907.468058,False,Increase,X2020.05.13,X2020.05.19,put
200,2020-05-13,CHGG,61.91,65.101,3.191,61.029999,-4.071001,907.468058,False,Increase,X2020.05.13,X2020.05.19,put
201,2020-05-13,KOLD,53.53,56.76,3.23,50.349998,-6.410002,907.468058,False,Increase,X2020.05.13,X2020.05.19,put
202,2020-05-13,CCI,154.22,157.66,3.44,152.559998,-5.10000199999999,907.468058,False,Increase,X2020.05.13,X2020.05.19,put
203,2020-05-13,NRGD,29.34,33.03,3.69,25.1,-7.93,907.468058,False,Increase,X2020.05.13,X2020.05.19,put
204,2020-05-13,AMT,231.69,235.62,3.93,229.970001,-5.64999900000001,907.468058,False,Increase,X2020.05.13,X2020.05.19,put
205,2020-05-13,DUG,50.05,54.0399,3.9899,47.509998,-6.529902,907.468058,False,Increase,X2020.05.13,X2020.05.19,put
206,2020-05-13,VEEV,197.37,201.67,4.3,196.039993,-5.63000699999998,907.468058,False,Increase,X2020.05.13,X2020.05.19,put
207,2020-05-13,ERY,59.77,64.38,4.61,56.650002,-7.72999799999999,907.468058,False,Increase,X2020.05.13,X2020.05.19,put
208,2020-05-13,DPZ,377.94,383.09,5.15,370.01001,-13.07999,907.468058,False,Increase,X2020.05.13,X2020.05.19,put
209,2020-05-13,UNFI,15.51,21.22,5.71,18.190001,-3.029999,907.468058,False,Increase,X2020.05.13,X2020.05.19,put
210,2020-05-13,RNG,278.8,285.94,7.14,263.179993,-22.760007,907.468058,False,Increase,X2020.05.13,X2020.05.19,put
211,2020-05-13,DTO,126.3922,134.16,7.7678,56.209999,-77.950001,907.468058,False,Increase,X2020.05.13,X2020.05.19,put
212,2020-05-13,TDOC,184.15,193.25,9.1,175.660004,-17.589996,907.468058,False,Increase,X2020.05.13,X2020.05.19,put
213,2020-05-13,CABO,1892.82,1870.15,-22.67,1863.945435,-6.204565,-136.279507,True,Decrease,X2020.05.13,X2020.05.19,call
214,2020-05-13,PEN,180.84,171.21,-9.63,168.860001,-2.349999,-136.279507,True,Decrease,X2020.05.13,X2020.05.19,call
215,2020-05-13,BLK,454.44,470.32,15.88,501.200012,30.880012,-136.279507,True,Increase,X2020.05.13,X2020.05.19,put
216,2020-05-13,UBOT,77.33,80.5201,3.1901,88.089996,7.569896,-136.279507,True,Increase,X2020.05.13,X2020.05.19,put
217,2020-05-13,AZO,1046.58,1049.98,3.4,1104.410034,54.430034,-136.279507,True,Increase,X2020.05.13,X2020.05.19,put
218,2020-05-13,ALC,53.2,57.27,4.07,60.110001,2.84000099999999,-136.279507,True,Increase,X2020.05.13,X2020.05.19,put
219,2020-05-13,CRL,160.96,165.275,4.315,169.880005,4.60500500000001,-136.279507,True,Increase,X2020.05.13,X2020.05.19,put
220,2020-05-13,MTD,690.07,697,6.93,714.059998,17.059998,-136.279507,True,Increase,X2020.05.13,X2020.05.19,put
221,2020-05-13,TMO,331.72,338.715,6.995,342.779999,4.064999,-136.279507,True,Increase,X2020.05.13,X2020.05.19,put
222,2020-05-13,SNX,83.65,92.035,8.385,98.309998,6.274998,-136.279507,True,Increase,X2020.05.13,X2020.05.19,put
